year,group,index,name,type,performers,note,
1983,,1,赵忠祥致开幕辞,致辞,赵忠祥,,
1983,,2,主持人介绍到场嘉宾,主持环节,,,
1983,,3,相声大师侯宝林讲话,讲话,侯宝林（已故，1993年2月）,,
1983,,4,主持人代表行业拜年,主持环节,,,
1983,,5,《拜年歌》,歌曲,李谷一,,
1983,,6,主持人介绍到场演员,主持环节,,,
1983,,7,猜谜（从上至下，广为团结）,互动环节,,,
1983,,8,《山村小景》,相声,马季（已故，2006年12月） 赵炎,,
1983,,9,《小小雷峰》,相声,马季（已故，2006年12月） 赵炎,,
1983,,9A,《说一不二》,相声,马季（已故，2006年12月） 赵炎,,
1983,,10,《每逢佳节倍思亲》,诗朗诵,林丽芳（中国台湾）,,
1983,,11,《夫妻双双把家还》,黄梅戏,索宝莉、牟玄甫,,
1983,,12,《竹林沙沙响》,歌曲,索宝莉、牟玄甫,,
1983,,13,《草原民歌》,歌伴舞,斯琴高娃 胡松华,,
1983,,14,《勤劳的比帕尔》,歌曲,胡松华,,
1983,,15,《马铃响，玉鸟唱》,歌曲,胡松华,,
1983,,16,《逛厂甸》,小品,斯琴高娃 严顺开,,
1983,,17,《节日》,舞蹈,赵青 徐川,,
1983,,18,猜谜（年终算总帐）,互动环节,,,
1983,,19,《吃鸡》,喜剧小品,王景愚 姜昆,,
1983,,20,京剧表演,京剧,尹宏伟,,
1983,,21,《坐寨盗马》,京剧,袁世海（已故，2002年12月）,,
1983,,22,《错走了这一步》,相声,姜昆 李文华（已故，2009年5月）,,
1983,,23,《对口词》,相声,姜昆 李文华（已故，2009年5月）,,
1983,,24,《战士之歌》,相声,姜昆 李文华（已故，2009年5月）,,
1983,,25,猜谜（制定人口政策）,互动环节,,,
1983,,26,彩扇争艳,魔术,姚金芬,,
1983,,27,杂技表演,杂技,上海杂技团,,
1983,,27A,相声（暂缺名称）,相声,侯耀文（已故，2007年6月） 石富宽,,
1983,,28,《空城计》,京剧,马长礼,,
1983,,29,《牧羊曲》,歌曲,郑绪岚,,
1983,,30,《大海啊，故乡》,歌曲,郑绪岚,,
1983,,31,《太阳岛上》,歌曲,郑绪岚,,
1983,,32,《霸王别姬》,京剧,李维康,,
1983,,33,《火烧圆明园》花絮,录像,,,
1983,,34,电影《垂帘听政》片段,录像,,,
1983,,35,《红花》,歌曲,刘晓庆,,
1983,,36,《盼红军》,歌曲,刘晓庆,,
1983,,37,《弹钢琴》,喜剧小品,严顺开,,
1983,,38,猜谜（镜子里面照着人）,互动环节,,,
1983,,39,《阿Q的独白》,喜剧小品,严顺开,,
1983,,40,《戏剧杂谈》,相声录像,侯宝林（已故，1993年2月） 郭全宝（已故，2004年7月）,,
1983,,41,猜谜（晚会）,互动环节,,,
1983,,42,歌曲联唱,歌曲,李谷一,,
1983,,43,《刘三姐》,歌曲对唱,李谷一 袁世海（已故，2002年12月） 姜昆,,
1983,,44,《牛皋招亲》,京剧对唱,李谷一 袁世海（已故，2002年12月）,,
1983,,45,电影《武林志》录像,录像,,,
1983,,46,武术表演,武术,葛春燕、郝志华、王杰、李霞、王建军、于绍文,,
1983,,47,《吉庆有余》,魔术,秦明晓,,
1983,,48,主持人慰问直播现场后台工作人员,主持环节,,,
1984,开场,1,片头：参加演出的演员介绍,片头,,,
1984,第一组,2,《恭贺新禧》,歌曲,蒋大为 李谷一 于淑珍 苏平 沈小岑 朱明瑛 茅善玉 郭颂,,
1984,第一组,3,《转盘子》,杂技,李春来,,
1984,第一组,4,《看谁贴得快》,游戏竞赛,幼儿园小朋友,,
1984,第一组,5,狗熊猴子投篮比赛,儿童节目,姜昆 李文华（已故，2009年5月）,,
1984,第一组,6,《宇宙牌香烟》,相声,马季（已故，2006年12月）,,
1984,第一组,7,《伞衣帽》,杂技,李春来,,
1984,第一组,8,《幸福在哪里》《党啊，亲爱的妈妈》,歌曲,殷秀梅,,
1984,第一组,9,《甜透了咱心窝》《串门》《山水醉了咱赫哲人》,歌曲,郭颂,,
1984,第一组,10,《请到天涯海角来》《妈妈教我一支歌》,歌曲,沈小岑,,
1984,第一组,11,《迎春曲》,河南豫剧,牛得草（已故，1998年6月）,,
1984,第一组,12,《淋浴》,哑剧小品,游本昌,,
1984,第一组,13,《故乡行》《南海渔歌》,粤剧,丁凡 林锦屏,,
1984,第二组,1,《定军山》,京剧,谭元寿,,
1984,第二组,2,《将相和》,京剧,方荣翔（已故，1989年4月）,,
1984,第二组,3,《吃面条》,小品,陈佩斯 朱时茂,,
1984,第二组,4,《女驸马》选段,黄梅戏,马兰,,
1984,第二组,5,《电视纠纷》,哑剧小品,王景愚 李辉,,
1984,第二组,6,《莫愁啊，莫愁》《大海啊故乡》《回娘家》,歌曲,朱明瑛,,
1984,第二组,7,《滦水香茶献亲人》《我们的生活充满阳光》《月光照着太湖水》《泉水叮咚响》,歌曲,于淑珍,,
1984,第三组,1,《花儿为什么这样红》《天女散花》《阿里山姑娘》《我的祖国》,歌曲,奚秀兰（香港）,,
1984,第三组,2,《赠羽扇》,评书,袁阔成,,
1984,第三组,3,乒乓球比赛,体育表演,李富荣 张燮林 宋世雄,,
1984,第三组,4,《无限欢颜喜在心》,越剧,王文娟,,
1984,第三组,5,金银猜,游戏,黄阿原 姜昆,,
1984,第三组,6,《春联》,相声,马季（已故，2006年12月） 赵炎,,
1984,第三组,7,零点钟声,倒计时,,,
1984,第三组,8,《辞旧迎新歌》,合唱,蒋大为 李谷一等8人,,
1984,第三组,9,"《萨拉族花儿""大眼睛""》《妹妹的山丹丹花儿开》",歌曲,苏平,,
1984,第三组,10,《燕燕做媒》《太湖美》,沪剧,茅善玉,,
1984,第四组,1,《我的中国心》《垅上行》《外婆的澎湖湾》《乡间的小路》,歌曲,张明敏（香港）,,
1984,第四组,2,气功表演,气功,侯伟 侯春雪 侯树英,,
1984,第四组,3,《友情》《默默地祝福你》《天黑黑》,歌曲,黄植诚 李大维 黄阿原,,
1984,第四组,4,《三笑》插曲,独唱,陈思思（已故，2007年10月 香港演员）,,
1984,第四组,5,《夸家乡》,相声,姜昆 李文华（已故，2009年5月）,,
1984,第四组,6,《要问我们想什么》《战士与梅花》《在那桃花盛开的地方》,歌曲,蒋大为,,
1984,第四组,7,《跳吧，年轻的伙伴》《那就是我》《迎宾曲》,歌曲,李谷一,,
1984,第四组,8,《刘海砍樵》,花鼓戏,李谷一 姜昆,,
1984,第四组,9,《难忘今宵》,主题歌曲,李谷一,,
1985,第一组,1,《百猴迎春》,京剧,中国京剧院,,
1985,第一组,2,《编钟乐曲》,器乐演奏,湖北省歌舞团,,
1985,第一组,3,《南乡子》,歌曲,李元华,,
1985,第一组,4,《万里长城永不倒》,歌曲,吕念祖,,
1985,第一组,5,中国女排队员拜年,拜年环节,,,
1985,第一组,6,《共享快乐年》《在我生命里》《中国梦》,歌曲,罗文（已故，2002年10月）（香港）,,
1985,第一组,7,中奖节目,互动环节,黄阿原,,
1985,第一组,8,《赤子之心》,歌曲,周烽,,
1985,第一组,9,《新春我们干一杯》《祖国慈祥的母亲》,歌曲,张建一,,
1985,第二组,1,《花市》《花城之春》,粤剧,红线女,,
1985,第二组,2,《悠绳》,高空杂技,王景愚 张小卉,,
1985,第二组,3,《大乐、特乐》,相声,马三立（已故，2003年2月）,,
1985,第二组,4,《五女拜寿》,越剧,何赛飞 茅威涛,,
1985,第二组,5,《一杯美酒》《我的歌会飞到你的身边》,歌曲,迪里拜尔（维族）,,
1985,第二组,6,《龙的传人》,歌曲,黄锦波（美国加州喜瑞都市市长）,,
1985,第二组,7,中奖节目——投篮球,互动环节,黄阿原,,
1985,第三组,1,《谁知我心》,歌曲,吕念祖 李志秀,,
1985,第三组,2,《拍电影》,喜剧小品,陈佩斯 朱时茂,,
1985,第三组,3,《小草》《欢腾的小路》,歌曲,房新华,,
1985,第三组,4,零点钟声,倒计时,,,
1985,第三组,5,恭贺新年,录像,,,
1985,第三组,6,《老牛接班》,豫剧,虎美玲 小香玉 王全真,,
1985,第三组,7,《长袖舞》,舞蹈,湖北省歌舞团,,
1985,第三组,8,《十五的月亮》《生命之花》,歌曲,柳培德 董文华,,
1985,第四组,1,二指拉石、手指钻砖,硬气功,李登来（武警总队）,,
1985,第四组,2,《故乡情》,歌曲,奚秀兰（香港）,,
1985,第四组,3,《登上高峰》,歌曲,张明敏（香港）,,
1985,第四组,4,武术表演,武术,郝勇 张小燕 赵长军 王建军 王群 李燕龙 邱建国,,
1985,第四组,5,《长城脚下一朵小花》《年景》,歌曲,董岱,,
1985,第四组,6,《看电视》,相声,姜昆 李金宝,,
1985,第四组,7,《打渔杀家》,京剧,孙岳 王馥荔,,
1985,第四组,8,《问候你，朋友》《万里长城万里长》《家乡》,歌曲,汪明荃（香港）,,
1985,第四组,9,游戏节目,互动环节,黄阿原,,
1985,第四组,10,《迎来新时光》,舞蹈,总政歌舞团,,
1986,第一组,1,歌曲大联唱（拜年歌）,歌曲,蒋大为 彭丽媛,,
1986,第一组,1,歌曲大联唱（请到天涯海角来）,歌曲,成方圆,,
1986,第一组,1,歌曲大联唱（在那桃花盛开的地方）,歌曲,蒋大为,,
1986,第一组,1,歌曲大联唱（天仙配）,歌曲,郑绪岚 牟玄甫,,
1986,第一组,1,歌曲大联唱（回娘家）,歌曲,李维康,,
1986,第一组,1,歌曲大联唱（阿里山的姑娘）,歌曲,郁钧剑,,
1986,第一组,1,歌曲大联唱（我的祖国）,歌曲,彭丽媛,,
1986,第一组,1,歌曲大联唱（我们的生活充满阳光）,歌曲,董文华,,
1986,第一组,1,歌曲大联唱（我的中国心）,歌曲,笑林,,
1986,第一组,1,歌曲大联唱（刘海砍樵）,歌曲,刘晓庆 姜昆,,
1986,第一组,1,歌曲大联唱（今日痛饮庆功酒）,歌曲,耿其昌 刘斌,,
1986,第一组,2,《虎年谈虎》,相声,刘伟 冯巩,,
1986,第一组,3,小魔术,魔术,冯京 金云 陈佩斯 朱时茂,,
1986,第一组,4,《红灯记》选段,京剧清唱,刘斌 李维康,,
1986,第一组,5,海豚表演,录像,,,
1986,第一组,6,谜语（气球）,互动环节,,,
1986,第一组,7,《祖国啊我永远热爱你》,歌曲,殷秀梅,,
1986,第一组,8,《追求》,歌曲,成方圆,,
1986,第一组,9,《过新年》,民歌,郁钧剑,,
1986,第一组,10,《我多想》,歌曲,成方圆,,
1986,第一组,11,《波兰舞曲》,小提琴独奏,郭昶（15岁）,,
1986,第二组,1,《怪声独唱》,相声,笑林 李国盛,,
1986,第二组,2,《送礼》,小品,李婉芬（已故，2000年） 周国治（已故，2007年3月）,,
1986,第二组,3,《鼓舞》,舞蹈,夏丽蓉,,
1986,第二组,4,婚礼,特别节目,杨晟 于民刚 薄一波（已故，2007年1月）,,
1986,第二组,5,谜语（红双喜）,互动环节,,,
1986,第二组,6,《军港之夜》《我要回到家乡去》,歌曲,苏小明,,
1986,第二组,7,《望星空》,歌曲,董文华,,
1986,第二组,8,《化蝶》《哦，明天》,歌曲,郑绪岚 牟玄甫,,
1986,第二组,9,《断桥》,戏曲联唱,陶长进 小香玉 方亚芬,,
1986,第三组,1,《零点七》,谐剧,沈伐,,
1986,第三组,2,《双回门》,舞蹈,谭金凤 梅万明等,,
1986,第三组,3,《戏迷》,相声,侯耀文（已故，2007年6月） 石富宽,,
1986,第三组,4,《空中悬人》,魔术,余剑等,,
1986,第三组,5,《吹牛》,山东快书,郭秋林,,
1986,第三组,6,谜语（四化在心上）,互动环节,,,
1986,第三组,7,《太阳出来喜洋洋》,表演唱,刘晓庆,,
1986,第三组,8,《燕子》《阿拉木罕》,歌曲,江桦（香港）,,
1986,第三组,9,《春光美》《祝福歌》,歌曲,张德兰（香港）,,
1986,第四组,1,《送菜进城》,东北民歌,郭颂,,
1986,第四组,2,《勿忘我》,歌曲,彭丽媛,,
1986,第四组,3,《照相》,相声,姜昆 唐杰忠,,
1986,第四组,4,《最后一个梦》《五十六个民族同唱一支歌》,歌曲,蒋大为,,
1986,第四组,5,谜语（春节三日不离厂、慢等除夕钟声来）,互动环节,,,
1986,第四组,6,《羊肉串》,小品,陈佩斯 朱时茂,,
1986,第四组,7,《唱歌的姿势》,相声,姜昆 唐杰忠,,
1986,第四组,8,零点钟声,倒计时,,,
1986,第四组,9,《拜年歌》,歌曲,全体演员,,
1987,第一组,1,《祝岁歌》,开场歌舞,叶矛 廖莎,,
1987,第一组,1,腰鼓,开场歌舞,延安地区群众艺术馆,,
1987,第一组,1,舞蹈,开场歌舞,空军蓝天幼儿艺术团,,
1987,第一组,2,《巧对影联》,相声,刘伟 冯巩,,
1987,第一组,3,《孙二娘开店》,戏曲小品,游本昌 董元元 张寄蝶 孙绍东 朱世慧 莫元季 刘丰,,
1987,第一组,4,《小小的我》,歌曲,苏红,,
1987,第一组,5,《酒歌》,西藏民歌,胡松华,,
1987,第一组,6,《家庭宴会》,动物小品,王明玉 李扬等,,
1987,第一组,7,《除夕圆舞曲》,舞蹈,刘旭峰,,
1987,第二组,1,《送给你明天的太阳》《我们见面又分手》,歌曲,叶丽仪（香港）,,
1987,第二组,2,《恩爱夫妻》,小品,王馥荔 陈裕德（已故，1996年）,,
1987,第二组,3,《学播音》,相声,笑林 李国盛,,
1987,第二组,4,《我爱五指山，我爱万泉河》,歌曲,李双江,,
1987,第二组,5,《血染的风采》,歌曲,徐良 王虹,,
1987,第二组,6,《汉宫惊魂》选段,双簧京剧清唱,李光 葛存壮,,
1987,第二组,7,《虎口遐想》,相声,姜昆 唐杰忠,,
1987,第二组,8,十佳运动员授奖仪式,颁奖环节,宋世雄,,
1987,第二组,9,《鞍马开花》,体育表演,李宁等,,
1987,第三组,1,《变兔》,小魔术,冯京,,
1987,第三组,2,《春天你在哪里》,歌曲,殷秀梅,,
1987,第三组,3,《拔牙》,相声小品,赵连甲 王刚,,
1987,第三组,4,中学生服装表演,服装表演,胡慧娟 彭阿兰 邓文英,,
1987,第三组,5,《产房门前》,小品,郭达 杨蕾 高兰村 邹小茜,,
1987,第三组,6,《繁星从你眼前升起》,歌曲,王静,,
1987,第三组,7,《你会爱上它》,歌曲,彭丽媛,,
1987,第三组,8,《音乐欣赏》,小串场,笑林 刘亚津,,
1987,第三组,9,《三峡人家》,歌曲,蒋大为,,
1987,第三组,10,《打岔》,相声,侯耀文（已故，2007年6月） 石富宽,,
1987,第三组,11,猜猜看,互动环节,赵子岳（已故，1997年）,,
1987,第四组,1,抻面表演,技艺表演,北京饭店王造柱等,,
1987,第四组,2,《我是春风我是爱》,歌曲,郁钧剑,,
1987,第四组,3,《卖鱼》,小串场,刘亚津,,
1987,第四组,4,《故乡的云》《冬天里的一把火》,歌曲,费翔（台湾）,,
1987,第四组,5,《日月与星辰》,歌曲,董文华,,
1987,第四组,6,《五官争功》,相声,马季（已故，2006年12月） 赵炎 王金宝 冯巩 刘伟,,
1987,第四组,7,民族团结大联唱,歌曲联唱,左纯 苏红 格桑曲珍（藏族） 克里木（维族） 赵琼霞（纳西族） 赵玉衡（朝鲜族） 拉苏荣 金花（蒙古族） 马太萱（回族） 杜萍 张也 侯耀文（已故，2007年6月）（满族） 张德富 卢秀梅 安冬 曲比阿乌（彝族）,,
1987,第四组,8,《春天的钟》,歌曲,胡晓晴,,
1987,第四组,9,零点钟声,倒计时,,,
1987,第四组,10,尾声,结束环节,,,
1987,第五组,1,各路神仙出场,开场,,,
1987,第五组,2,导演杨洁介绍拍摄进度,特别环节,杨洁,,
1987,第五组,3,《正月里来是新春》,歌曲,全体演员,,
1987,第五组,4,《唐舞》,舞蹈,张京棣,,
1987,第五组,5,小品,小品,韩善续,,
1987,第五组,6,《王母咏叹调》,歌曲,万馥香,,
1987,第五组,7,串场,串场,王夫棠 马德华,,
1987,第五组,8,《女儿情》,歌曲,吴静,,
1987,第五组,9,《欢乐就在今宵》,歌舞,王平华 吴静,,
1987,第五组,10,《唐僧抒怀》,歌曲,迟重瑞,,
1987,第五组,11,相声,相声,程之 曹铎,,
1987,第五组,12,《五百年沧田桑海》,歌曲,郁钧剑,,
1987,第五组,13,《猴嘻》,舞蹈,六小龄童,,
1987,第五组,14,串场,串场,阎怀礼（已故，2009年）,,
1987,第五组,15,《八戒之歌》,歌曲,马德华,,
1987,第五组,16,《敢问路在何方》,歌曲,蒋大为,,
1987,第五组,17,戏剧小品,戏剧小品,赵丽蓉 杨俊 项汉 龚鸣 李建成 沙杰,,
1987,第五组,18,《大圣歌》,歌曲,胡寅寅,,
1988,第一组,1,序幕,开场,,,
1988,第一组,2,《拜大年》,联唱,聂建华等,,
1988,第一组,3,《评书贯口》,评书,刘兰芳,,
1988,第一组,4,《急诊》,小品,游本昌 赵丽蓉（已故，2000年7月） 王丽云 薛培培,,
1988,第一组,5,《新春乐》,幽默杂技,董峥臻 曲瞬绪 王解放 覃鸿植 王友民 乔海滨 韩志民 肖永福 王小兵,,
1988,第一组,6,《我们的祖国歌甜花香》,男声独唱,阎维文,,
1988,第一组,7,《男孩》,男声合唱,柳培德 李勇等,,
1988,第一组,8,《求全责备》,相声,刘伟 冯巩 牛振华（已故，2004年5月） 李艺 戴志诚 郑健 赵保乐,,
1988,第一组,9,《孙悟空与唐老鸭》,动画片,李扬,,
1988,第一组,10,《故乡情》,女声独唱,蒋丽萍（香港）,,
1988,第一组,11,《单雄信》,京剧,方荣翔（已故，1989年4月）,,
1988,第一组,12,《包龙图打坐在开封府》,拧擂拉戏,王开春,,
1988,第一组,13,《思念到永远》,女声独唱,程琳,,
1988,第一组,14,《看秧歌》,舞蹈,山西省歌舞剧院,,
1988,第一组,15,《人物速写》,评书,王刚 田连元 袁阔成,,
1988,第一组,16,《中国龙》,男声独唱,李双江,,
1988,第一组,17,《思念》,女声独唱,毛阿敏,,
1988,第一组,18,《雨中即景》,男声独唱,邓志乐,,
1988,第一组,19,《对话趣谈》,相声联说,常宝华 常圆 单联丽 王荃 李博成 李博良 卡尔罗 李立山,,
1988,第一组,20,广东电视台节目,插播节目,,,
1988,第一组,21,《金牌与黄牌》,小串场,朱时茂 刘全利 刘全刚,,
1988,第一组,22,《想亲亲》,对唱,卢秀梅 牛宝林,,
1988,第一组,23,《清官难断家务事》,小品,牛得草（已故，1998年6月） 朱世慧 郭达 杨蕾 石富宽 崔喜跃,,
1988,第一组,24,《影视歌曲联奏》,音乐猜谜,中央芭蕾舞团乐队,,
1988,第一组,25,《分手时再敬一个军礼》,合唱,总政离休干部艺术团 寇家伦 孟贵彬,,
1988,第一组,26,《热血颂》,歌曲,张暴默 吕金鹤 郁钧剑 佟铁鑫 金曼 温亚丽,,
1988,第一组,27,《道路》,女声独唱,董文华,,
1988,第一组,28,《攀比》,相声,笑林 李国盛,,
1988,第一组,29,拉场戏《驱邪》,插播节目,赵本山 李静 李海,,
1988,第一组,29,冰上集体婚礼,插播节目,,,
1988,第一组,29,《好凉快》,插播节目,,,
1988,第一组,30,《狗娃与黑妞》,歌剧小品,陈佩斯 小香玉,,
1988,第二组,1,《轻功表演》,气功表演,张加陵,,
1988,第二组,2,《娜鲁湾情歌》,男声独唱,万沙浪,,
1988,第二组,3,《相聚在龙年》,对唱,万沙浪 韦唯,,
1988,第二组,4,《电梯奇遇》,相声,姜昆 唐杰忠,,
1988,第二组,5,《我们是黄河泰山》,女声独唱,彭丽媛,,
1988,第二组,6,《快乐的马车夫》,男声独唱,帕尔哈提,,
1988,第二组,7,《踢足球》,独角戏,石国庆,,
1988,第二组,8,《三百六十五里路》,女声独唱,包娜娜,,
1988,第二组,9,《接妻》,小品,沈伐 岳红,,
1988,第二组,10,小魔术,魔术,姚金芬 秦鸣晓,,
1988,第二组,11,《节日之夜》,民族大联舞,姜昌善（朝鲜族） 李忠梅 郎晓兰 赵青 高娃 齐木格（蒙古族） 丁洁 官明军 沈培艺 李恒达 杨丽萍,,
1988,第二组,12,零点钟声,倒计时,,,
1988,第二组,13,邓颖超致新年祝辞,特别环节,邓颖超（已故，1992年7月）,,
1988,第二组,13,留美学生联欢会,录像,,,
1988,第二组,14,《龙的传人》,歌曲,侯德健,,
1988,第二组,15,《门铃声声》,小品,李文启 熊小田,,
1988,第二组,16,四川电视台节目,插播节目,,,
1988,第二组,17,《巧立名目》,相声,牛群 李立山,,
1988,第二组,18,《西游记》演员表演节目,特别节目,,,
1988,第二组,19,《我们是朋友》,结束曲,全体演员 观众,,
1989,第一组,1,′89《春节序曲》,开场,,,
1989,第一组,2,《送春联》,相声,李金斗 陈涌泉,,
1989,第一组,3,《采槟榔》,歌曲,张也,,
1989,第一组,4,《幸福歌》,歌曲,梦鸽,,
1989,第一组,5,《补锅》,花鼓戏,邢险峰 苏小路,,
1989,第一组,6,《英雄母亲的一天》,小品,赵丽蓉（已故，2000年7月） 侯耀文（已故，2007年6月）,,
1989,第一组,7,《喷水断砖》《缩身进笼》,气功表演,张加陵 黄幼,,
1989,第一组,8,《山情》,歌曲,杭天琪,,
1989,第一组,9,《儿童集体速算》,综合节目,吉林省辽源市第二实验小学,,
1989,第一组,10,《好小子》,歌曲,程琳,,
1989,第一组,11,《少儿杂技集锦》,杂技,（年龄5-15岁）,,
1989,第一组,12,《铡美案》,京剧,阎锐（6岁） 高艳平（6岁）,,
1989,第一组,13,《圆圆的世界》,歌曲,胡月,,
1989,第一组,14,《十八相送》,黄梅曲越剧对唱,吴琼 何英,,
1989,第二组,1,《是你给我爱》,歌曲,安冬,,
1989,第二组,2,《招聘》,小品,笑林 师胜杰 黄宏 方青卓,,
1989,第二组,3,《爱的奉献》,歌曲,韦唯,,
1989,第二组,4,战士拉歌,军队节目,陆海空武警部队官兵,,
1989,第二组,5,《英雄的赞歌》,歌曲,鞠敬伟,,
1989,第二组,6,《送别》,相声,刘伟 马季（已故，2006年12月）,,
1989,第二组,7,《舞之魂》《版纳三色》《孔雀》,舞蹈,杨丽萍（白族）,,
1989,第二组,8,双簧,双簧,莫岐 王凤朝,,
1989,第二组,9,《跳起来》,现代歌舞,陶金（已故，1997年）等,,
1989,第二组,10,《五花八门》,综合节目,,,
1989,第二组,11,《指南针》,歌曲,蔡虹红,,
1989,第二组,12,谜语擂台赛,互动环节,,,
1989,第三组,1,谜语擂台赛,互动环节,,,
1989,第三组,2,《明月千里寄相思》《心恋》,歌曲,徐小凤（香港）,,
1989,第三组,3,《生日祝辞》,相声,冯巩 牛群,,
1989,第三组,4,《苏三起解》,京剧,桑样（南斯拉夫）,,
1989,第三组,5,《故园之恋》,歌曲,陈汝佳（已故，2004年1月）,,
1989,第三组,6,《春满京城》,歌曲,王哲 刘玉婉,,
1989,第三组,7,《懒汉相亲》,小品,雷恪生 赵连甲 宋丹丹,,
1989,第三组,8,《锁麟囊》选段,京剧,迟小秋,,
1989,第三组,9,《跟着感觉走》《外婆的澎湖湾》《太阳与月亮》,歌曲,潘安邦,,
1989,第三组,10,《外国影视歌曲联唱》,歌曲联唱,李静娴 马太萱 牟玄甫 刘艺 许丽娟 陈红 韦唯,,
1989,第三组,11,电影打岔,特别节目,,,
1989,第四组,1,《歌声与微笑》,歌曲,银河少年电视艺术团,,
1989,第四组,2,《你、我、他》,歌曲,关牧村,,
1989,第四组,3,《胡椒面》,小品,陈佩斯 朱时茂,,
1989,第四组,4,《刮春风》,歌曲,彭丽媛,,
1989,第四组,5,《捕风捉影》,相声,姜昆 唐杰忠,,
1989,第四组,6,《我的祖国》,歌曲,郭兰英,,
1989,第四组,7,零点钟声,倒计时,,,
1989,第四组,8,《今宵多美好》,歌曲,叶矛 廖莎 路浩 曲比阿乌 彭书民 杨二车娜姆,,
1989,第四组,9,《活字典》,综合节目,杨术,,
1989,第四组,10,《太挤了》,相声,笑林 李国盛,,
1989,第四组,11,《中国风》,民族舞蹈,中央民族学院音乐舞蹈系,,
1989,第四组,12,《走向未来》,歌曲,,,
1990,第一组,1,前7年春节联欢晚会片头,开场,,,
1990,第一组,2,《万紫千红》,会歌,杭天琪 屠洪刚,,
1990,第一组,2,主持人介绍擂台赛队长和裁判,主持环节,,,
1990,第一组,3,《马字令》,大联唱,杨学进 彭节民 张暴默 刘伟 唐杰忠 刘秉义 刘斌 马玉涛 胡松华 苏红 罗宁娜 陈佩斯 牛群 赵莉 姜昆,,
1990,第一组,4,《闹新春》,独唱,李丹阳,,
1990,第一组,4,《1234567》,独唱,韦唯,,
1990,第一组,5,《学唱歌》,相声,姜昆 唐杰忠,,
1990,第一组,6,《小猴唱歌》,提线木偶,黄奕缺 李扬,,
1990,第一组,7,三个队献对联,特别环节,,,
1990,第一组,8,《精彩一分钟》,综合节目,田连元 冯巩等,,
1990,第一组,9,《背起那小妹妹》,舞蹈小品,贾小平 纪广等,,
1990,第二组,1,《自己的天空》《我是风》,歌曲,文章（台湾）,,
1990,第二组,2,《无所适从》,相声,牛群 冯巩,,
1990,第二组,3,《大雁的故乡》,独唱,乌云塔娜,,
1990,第二组,3,《牧野情歌》,独唱,李玲玉  ,,
1990,第二组,3,《边塞风》,独唱,范琳琳,,
1990,第二组,4,《相亲》,小品,赵本山 黄晓娟,,
1990,第二组,5,《京剧迪斯科》,舞蹈,银河少年电视艺术团,,
1990,第二组,6,《献出心中诚与爱》《我们爱这个错》,歌曲,张明敏,,
1990,第二组,7,《三顾茅庐》,相声,刘伟 刘惠,,
1990,第三组,1,《好大一棵树》,独唱,张晓梅,,
1990,第三组,1,《小背篓》,独唱,宋祖英,,
1990,第三组,1,《走在大街上》,独唱,鞠敬伟,,
1990,第三组,2,《拷红》,戏曲小品,郑岩 小香玉 李玲玉 雷英 吴琼,,
1990,第三组,3,《打麻将》,小品,岳红 巩汉林,,
1990,第三组,4,《瞧这些婆姨们》,舞蹈,山西省歌舞剧院,,
1990,第三组,5,《二重唱》,相声,戴志诚 郑健,,
1990,第三组,6,《望春》,独唱,苏红 杭宏,,
1990,第三组,6,《边关情似火》,独唱,杨洪基,,
1990,第三组,6,《黑头发飘起来》,独唱,杭天琪,,
1990,第四组,1,《小丑》,歌曲,凌峰（台湾）,,
1990,第四组,2,《难兄难弟》,小品,严顺开 黄宏,,
1990,第四组,3,画家赠画,特别环节,,,
1990,第四组,4,《健美变奏曲》,艺术体操,北京体育学院,,
1990,第四组,5,《举重》,哑剧小品,王景愚,,
1990,第四组,6,《当我们年轻的时候》,独唱,翟春萍,,
1990,第四组,6,《西北汉子的红腰带》,独唱,张伟进,,
1990,第四组,7,《主角与配角》,小品,陈佩斯 朱时茂,,
1990,第四组,8,《幸福是什么》,独唱,崔海堂,,
1990,第四组,8,《前门情思——大碗茶》,独唱,李谷一,,
1990,第四组,9,《定军山》,京剧清唱,谭元寿,,
1990,第四组,10,零点钟声,倒计时,,,
1990,第四组,11,《送给你》,歌曲,魏金栋 刘玉婉,,
1990,第四组,12,《山丹丹花开红艳艳》,歌曲,远征,,
1990,第四组,13,裁判宣布评语,特别环节,,,
1990,第四组,14,《难忘今宵》,结束曲,李谷一 魏洪 张涓 黄应杰 林芳,,
1991,第一组,1,《欢庆大歌舞》《百子闹春》,开场歌舞,空军蓝天幼儿艺术团,,
1991,第一组,1,《安徽花鼓灯》,开场歌舞,中央歌舞团,,
1991,第一组,1,《吴川飘色》,开场歌舞,广东吴川县表演队,,
1991,第一组,1,《三星贺喜》,开场歌舞,北京戏曲学校,,
1991,第一组,2,《祝酒请茶大拜年》,歌舞,达珍 尼瓦杰 朝鲁姬荣 曲比阿乌 方明 方荣 曹世华,,
1991,第一组,3,《花木兰》选段,豫剧,徐佳,,
1991,第一组,3,《打猪草》选段,黄梅戏,孙丽莎 潘健,,
1991,第一组,3,《铡美案》,京剧,王博文,,
1991,第一组,3,《双推磨》,锡剧,岳佳 陈鹭,,
1991,第一组,3,《红楼梦》,越剧,魏婕 庄丽,,
1991,第一组,4,《手拉手》,喜剧小品,黄宏 宋丹丹,,
1991,第一组,5,《山寨相亲》,歌曲,李玲玉,,
1991,第一组,6,《小蹬人》,杂技,朱慧 张锦榕,,
1991,第一组,6,《球技》,杂技,曹利民 魏庆文,,
1991,第一组,6,《风火轮》,杂技,赵永华,,
1991,第一组,7,《梨园彩虹》,戏曲时装表演唱,张强 刘小娜 陈蕾 张咪,,
1991,第一组,8,《着急》,相声,姜昆 唐杰忠,,
1991,第一组,9,《鲁冰花》,歌曲,甄妮,,
1991,第一组,10,《苏州胜江南》,评弹,黄霞芬 孙小云 蔡红红等,,
1991,第一组,10,《帕米尔洒满金色的阳光》,冬布拉弹唱,中央民族歌舞团,,
1991,第一组,10,《梁祝》选段,弦乐,,,
1991,第一组,10,《万马奔腾》,马头琴演奏,内蒙古马头琴乐团,,
1991,第一组,11,《盼盼与巴斯》,动物表演,福州动物园,,
1991,第一组,12,《大黄河》,歌曲,刘君侠,,
1991,第二组,1,《亚运之最》,相声,牛群 冯巩,,
1991,第二组,2,《都是一个爱》,歌曲,毛阿敏,,
1991,第二组,3,《抓沙蟹》,表演唱,谢峰,,
1991,第二组,4,蒙眼剪纸,百业奇招,王西安,,
1991,第二组,4,竖鸡蛋,百业奇招,伍棣明,,
1991,第二组,4,快刀削果,百业奇招,刘爱群,,
1991,第二组,5,《打麦号子》,劳动欢歌,翟宪立,,
1991,第二组,5,《刨地瓜》,劳动欢歌,吉林市歌舞团,,
1991,第二组,5,《纺棉花》,劳动欢歌,孙丽英,,
1991,第二组,5,《苹果熟了》,劳动欢歌,陈红,,
1991,第二组,5,《采红菱》,劳动欢歌,叶矛 廖沙,,
1991,第二组,5,《赶小海》,劳动欢歌,任静,,
1991,第二组,5,《丰收喜讯满山乡》,劳动欢歌,张洪玲,,
1991,第二组,6,《陌生人》,喜剧小品,巩汉林 蔡明,,
1991,第二组,7,《跟着太阳走》,歌曲,胡月,,
1991,第二组,7,《你我是中国》,歌曲,万山红,,
1991,第二组,8,《洞房花烛夜》,戏曲哑剧小品,白淑贤 张寄蝶,,
1991,第二组,9,《水中花》,歌曲,谭咏麟,,
1991,第二组,10,《体坛新曲》,对口单弦,史琳 杨子春,,
1991,第二组,11,《去远方》,歌曲,蔡国庆,,
1991,第二组,12,《江南情思》,歌曲,黄霞芬,,
1991,第二组,13,《南腔北调话过年》,串场,"傅达仁（台湾电视台""体育节目""主持人）",,
1991,第三组,1,《再回首》,歌曲,姜育恒,,
1991,第三组,2,《小九老乐》,喜剧小品,赵本山 杨蕾,,
1991,第三组,3,《同一首歌》,歌曲,杭天琪 甄妮,,
1991,第三组,4,《乡音》,喜剧小品,魏积安 赵连甲 常佩双,,
1991,第三组,5,《夸山西》,夸家乡,吕继红,,
1991,第三组,5,《刘三姐》,夸家乡,罗宁娜,,
1991,第三组,5,《夸山东》,夸家乡,彭书民,,
1991,第三组,5,《黄杨扁担》,夸家乡,李丹阳,,
1991,第三组,5,《江南好》,夸家乡,蔡红红,,
1991,第三组,5,《鄂伦春小唱》,夸家乡,赵心,,
1991,第三组,5,《凤阳花鼓》,夸家乡,吴琼,,
1991,第三组,5,《新疆是个好地方》,夸家乡,李双江,,
1991,第三组,5,《节日夜晚》,夸家乡,宋祖英,,
1991,第三组,5,《逛新城》,夸家乡,张振富 张华敏,,
1991,第三组,5,《挑担茶叶上北京》,夸家乡,吴琼,,
1991,第三组,5,《草原晨曲》,夸家乡,胡松华,,
1991,第三组,5,《我热恋的故乡》,夸家乡,周皓 牛群,,
1991,第三组,6,《在中国大地上》,歌曲,彭丽媛,,
1991,第三组,7,《甘露寺》选段,京剧联唱,马长礼 辛宝达 言兴明 耿其昌,,
1991,第三组,8,《闪光的心灵》,歌曲,安冬,,
1991,第三组,9,《一点烛光》,歌曲,张丽华,,
1991,第四组,1,《打棍出箱》,桂剧选场,卢浩 陈观 阳杰,,
1991,第四组,2,《警察与小偷》,喜剧小品,陈佩斯 朱时茂,,
1991,第四组,3,《打瓜缘》,英语京剧选场,侯丹梅 张艺能 郭欣荣 陈少云,,
1991,第四组,4,《我想有个家》,歌曲,潘美辰,,
1991,第四组,5,《共同的世界》,歌曲,成方圆 解晓东 思浓 思雨,,
1991,第四组,6,《笑星劝酒》,相声,阎月明 常佩业 笑林 李国盛,,
1991,第四组,7,《我唱一支羊年的歌》,歌曲,梦鸽 魏金栋,,
1991,第四组,8,《除夕之夜话渴望》,小品,张凯丽 韩影 杨青 庞敏 邸英 孟秀 孙松,,
1991,第四组,9,《路》,歌曲,张暴默,,
1991,第四组,10,《学唱》,相声,白桦 邓小林,,
1991,第四组,11,《快速成衣》,百业奇招,北京广告公司时装表演团,,
1991,第四组,11,《一朵云霞》,歌曲,杭宏 张继红 周燕红 杨迎,,
1991,第四组,12,《留不住的话》,歌曲,邝美云,,
1991,第四组,13,《训徒》,相声,马季（已故，2006年12月） 赵炎 史可达,,
1991,第四组,14,《遥远的祝福》,歌曲,赵欣瑜,,
1991,第四组,15,《争先恐后》,杂技魔术小品,姬晓廷 李宝东 都广友,,
1991,第四组,15,《大秧歌》,歌舞,中央民族歌舞团 吉林市歌舞团,,
1992,第一组,1,《难忘的歌》（1983-1992）,联唱,李谷一 沈小岑 殷秀梅 刘君侠 成方圆 蒋大为 段乐 杭天琪 胡晓晴,,
1992,第一组,2,《小站联欢会》,相声,侯耀文（已故，2007年6月） 石富宽,,
1992,第一组,3,《大步流星奔小康》,歌舞,李玲玉 吴琼,,
1992,第一组,4,《秧歌情》,小品,黄宏 宋丹丹,,
1992,第一组,5,《瑞雪》,舞蹈,杨丽萍（白族）,,
1992,第一组,6,《戒赌》,川剧小品,宋小林 喻海燕 刘玉梅,,
1992,第一组,7,《共同的风采》,歌曲,彭丽媛,,
1992,第一组,8,《美丽畅想曲》,相声,姜昆 唐杰忠,,
1992,第一组,9,《等你来》,歌曲,宋祖英（苗族）,,
1992,第一组,10,《城市行囊》,歌曲,胡慧中,,
1992,第二组,1,《我想有个家》,小品,赵本山 黄晓娟,,
1992,第二组,2,《走向奥运》,歌曲,蔡国庆,,
1992,第二组,3,《办晚会》,相声,牛群 冯巩,,
1992,第二组,4,《飞旋啊飞旋》,歌舞,解晓东 张咪 张强,,
1992,第二组,5,《荧屏心相印》,歌曲,赵忠祥 孙晓梅 吕念祖等电视工作者,,
1992,第二组,6,《梨园精萃》,戏曲欣赏,赵飞 白涛 吴健平 方小娅,,
1992,第二组,7,《新年快乐》,歌曲,小虎队 忧欢派对 少女队 红孩儿,,
1992,第二组,8,《今夜星辰》,综合节目,孙启新 严顺开 梁谷音 陈述（已故，2006年10月） 达式常 陈海燕 章金莱 胡惠春（5岁）等,,
1992,第二组,9,《杨柳青年画爱煞人》,歌曲,韩笑,,
1992,第二组,10,《超生游击队》,动物小品,上海人民杂技团,,
1992,第二组,11,《欢乐进万家》,歌舞,陈红 牛宝林 金小凤（傣族） 毛宁,,
1992,第二组,12,《踩鼓点》,舞蹈,宋拉成 艾媛等,,
1992,第二组,13,《手影》,表演,赵子岳（已故，1997年）,,
1992,第三组,1,《马兰啊马兰》,歌曲,李丹阳,,
1992,第三组,2,《顶牛》,游戏,山西电视台,,
1992,第三组,3,《诉说》,歌曲,罗宁娜,,
1992,第三组,4,《说句心里话》,歌曲,郁钧剑,,
1992,第三组,5,《拜年》,短剧,南京军区前线话剧团,,
1992,第三组,6,《站起来》,歌曲,李双江,,
1992,第三组,7,《民族乐》,相声,克里木（维族） 常佩业,,
1992,第三组,8,《欢乐今宵》,歌舞,董文华,,
1992,第三组,9,《向着太阳》,藏族歌舞,达珍 达娃央宗 桑吉加,,
1992,第三组,10,《心中常驻芳华》,歌曲,毛阿敏 刘德华 张雨生（已故，1997年10月）,,
1992,第三组,11,《妈妈的今天》,小品,赵丽蓉（已故，2000年7月） 巩汉林 李文启,,
1992,第三组,12,《让我一次爱个够》,歌曲,庾澄庆,,
1992,第三组,13,《宠物热》,相声,李金斗 陈涌泉,,
1992,第四组,1,《草台班子》,小品,郭昶（已故，2006年6月） 黎舒兰 潘长江,,
1992,第四组,2,《庙会风光》,戏曲歌舞,陶慧敏 邓婕 朱世慧 马兰,,
1992,第四组,3,《论捧》,相声,阎月明 李建华 王平,,
1992,第四组,4,《十二生肖拜大年》,歌舞,梦鸽 魏金栋 孙浩 任静等,,
1992,第四组,5,《改门脸》,相声,唐爱国 齐立强,,
1992,第四组,6,《乡愁》,歌曲,胡浩波（旅法葡籍华人）,,
1992,第四组,7,《姐夫与小舅子》,小品,陈佩斯 朱时茂,,
1992,第四组,8,《春天来了》,歌舞,王蕾 刘小丽 马梅 周建霞 郑莉,,
1992,第四组,9,《难忘今宵》,歌曲,李谷一,,
1993,第一组,1,《挂红灯》,开场曲,海军海娃艺术团,,
1993,第一组,2,《除夕三喜》,歌舞,宋祖英 李丹阳 吴琼 陈俊华,,
1993,第一组,3,魔术表演,魔术,秦鸣晓 姚金芬,,
1993,第一组,4,《春童献瑞》,戏曲表演,南京小红花艺术团,,
1993,第一组,5,《擦皮鞋》,小品,黄宏 魏积安,,
1993,第一组,6,《好年头好兆头》,歌舞,陈红 景岗山,,
1993,第一组,7,《群丑争春》,戏曲小品,朱世慧 寇春华 牛得草（已故，1998年6月） 张寄蝶 刘异龙 林继凡 李笑非 任廷芳 王道正等,,
1993,第一组,8,《想家的时候》,歌曲,阎维文 万山红,,
1993,第二组,1,《像雾像雨又像风》,歌曲,梁雁翎（香港）,,
1993,第二组,2,《除了你还有谁》,歌曲,邝美云,,
1993,第二组,3,《龙鼓喧天震四海》,表演,成龙等,,
1993,第二组,4,《太阳从你手中升起》,歌曲,董文华,,
1993,第二组,5,《走进我的梦幻童年》,歌曲,蔡国庆,,
1993,第二组,6,《老拜年》,小品,赵本山 王中青 苏杰 阎淑萍,,
1993,第二组,7,《山妞与模特》,舞蹈,周洁 四川省凉山州歌舞团,,
1993,第二组,8,《张三其人》,小品,严顺开 赵玲琪 杨新鸣 徐小帆 鞠波,,
1993,第二组,9,《赶圩归来啊哩哩》,歌曲,罗宁娜,,
1993,第二组,10,《楼道曲》,相声,姜昆 唐杰忠,,
1993,第二组,11,《春的祝贺》,歌曲,彭丽媛,,
1993,第二组,12,《众人划浆开大船》,歌曲,傅笛生,,
1993,第二组,13,《两棵树》,舞蹈,杨丽萍 陆亚,,
1993,第三组,1,《桥》,小品,潘长江 黄小娟,,
1993,第三组,2,《回家》,歌曲,王杰,,
1993,第三组,3,《热歌热舞》《把所有的爱都给你》《全心演好每一个自己》,歌曲联唱,郭富城 马萃如,,
1993,第三组,4,《射雕》,川剧小品,王馥荔 邓婕 陈小艺,,
1993,第三组,5,《涛声依旧》,歌曲,毛宁,,
1993,第三组,6,《妈妈怀里的歌》,歌曲,蒋小涵,,
1993,第三组,7,《拍卖》,相声,牛群 冯巩,,
1993,第三组,8,《东方之光》,歌曲,杭天琪 胡月 江涛 韩特 刘海波 任静 张继红 聂惠芳 唐建华 周燕红 李殊 孙燕 孙小云 李红霞 路群 王庆君 张蒙蒙 孙文江 翁普庆 吴容 孙淑香 杨维丽,,
1993,第三组,9,《为我们的今天喝彩》,歌曲,林萍,,
1993,第三组,10,《坐宫》,京剧选段,梅葆玖 梅葆,,
1993,第三组,11,《推销》,小品,张国立 刘亚津 张敬,,
1993,第四组,1,《粉墨登场迎新岁》,歌舞,新广及黄捷宽舞蹈团,,
1993,第四组,2,《8字迷》,相声,杨振华 杨瑞库,,
1993,第四组,3,《传统光辉耀星河》,歌曲,,,
1993,第四组,4,《风》,歌曲,毛阿敏,,
1993,第四组,5,《多多关照》,小品,陆鸣 孙仲江,,
1993,第四组,6,《幸福年》,民乐演奏,中国广播艺术团民乐团,,
1993,第四组,7,《金鸡报春》,歌曲,梦鸽 魏金栋,,
1993,第四组,8,《黄土坡》,小品,郭达 蔡明,,
1993,第四组,9,《根》,歌曲,陈静 马海云 张娜 聂慧芳 杨迎 潘军 甘萍 李星 张秀艳 赵秀兰,,
1993,第四组,10,《侯大明白》,相声,侯耀文（已故，2007年6月） 石富宽,,
1993,第五组,1,《武旦绝技》,戏曲,方小娅（上海京剧院一团）,,
1993,第五组,2,气功表演,气功,,,
1993,第五组,3,《一角四唱》,表演,王树芳,,
1993,第五组,4,《太湖美》,舞蹈,,,
1993,第五组,5,《市场速写》,小品,郭冬临 张慈 法比奥（意大利）,,
1993,第五组,6,《闻鸡起舞》,舞蹈,陶金（已故，1997年） 阿内 阿兵,,
1993,第五组,7,《新名词》,相声,高洪胜 李立山,,
1993,第五组,8,威风锣鼓——张艺谋拜年贺岁片,特别节目,,,
1993,第五组,9,《携手同行》,结束曲,解晓东 罗文（已故，2002年10月）（香港） 苏芮（台湾） 巫启贤（新加坡） 那英,,
1994,第一盘,1,《千秋万岁为大年》,歌舞,南京军区前线歌舞团 大连歌舞团 武警十三支队 黄启成
1994,第一盘,2,《金钹响鼓送除夕》,少儿歌舞,河南开封市少儿盘鼓队 沈阳市青少年宫艺术团
1994,第一盘,3,《除夕情》,歌曲,毛阿敏
1994,第一盘,4,《足下飞舞跳跳跳》,歌舞,二炮歌舞团舞蹈队
1994,第一盘,5,《狗娃闹春》,少儿歌舞,山东郓城宋江武术学校
1994,第一盘,6,《铡美案》片段,京剧,王海波（台湾）
1994,第一盘,6,《赤桑镇》片段,京剧,王海波 王树芳
1994,第一盘,7,《越洋电话》,小品,郭达 蔡明
1994,第一盘,8,歌曲,歌曲,蔡大生
1994,第一盘,9,《思乡》,综艺,孔祥东（钢琴） 吕思清（小提琴） 潭元元 徐刚（芭蕾舞）
1994,第一盘,10,呼啦圈表演,杂技,欧阳贝妮（上海马戏学校）
1994,第一盘,11,《一二三四歌》,歌曲,阎维文
1994,第二盘,1,《密码》,小品,高秀敏（已故，2005年8月） 赵世林
1994,第二盘,2,《找朋友》,歌舞,南京军区前线歌舞团
1994,第二盘,3,《蝉之歌》,无伴奏合唱,贵州黔东南自治区代表队
1994,第二盘,4,《竹马沙沙》,歌曲,思浓 思雨
1994,第二盘,5,《跑题》,群口相声,李金斗 石富宽 阎月明 单联丽
1994,第二盘,6,《城市面孔》,歌曲,红豆 杭天琪
1994,第二盘,7,《全家福》,纪实节目,倪萍 徐永辉
1994,第二盘,8,《今日的中国人》,歌曲,殷秀梅
1994,第二盘,9,《八哥来信》,小品,王馥荔 戚慧 赵亮
1994,第二盘,10,《长大后我成了你》,歌曲,宋祖英
1994,第二盘,11,《吃饺子》,小品,赵丽蓉（已故，2000年7月） 李文启 王涛
1994,第三盘,1,《打扑克》,小品,黄宏 侯耀文（已故，2007年6月）
1994,第三盘,2,《长城长》,歌曲,董文华
1994,第三盘,3,《回家的人》,歌曲,江涛
1994,第三盘,4,《上梁下梁》,小品,郭柏松 杨瑞瑞
1994,第三盘,5,《春花》,二重唱,梦鸽 魏金栋
1994,第三盘,6,《观灯》,戏曲集锦,韩再芬 李迎春
1994,第三盘,6,《花木兰》,戏曲集锦,小香玉
1994,第三盘,6,《梁祝》,戏曲集锦,肖雅 吴国兰
1994,第三盘,6,《梁祝》,戏曲集锦,耿其昌
1994,第三盘,6,《梁祝》,戏曲集锦,王立军 郭秉新等
1994,第三盘,7,《点子公司》,相声,冯巩 牛群
1994,第三盘,8,《喊太阳》,歌曲,聂建华
1994,第三盘,9,《家乡的花》,四重唱,翟宪立 李丹阳 周灵燕 董青
1994,第四盘,1,《无悔的选择》,二重唱,蔡国庆 林萍
1994,第四盘,2,《追日》,歌舞,刘敏 黄启成 南京军区歌舞团 大连歌舞团
1994,第四盘,3,《大变活人》,魔术小品,陈佩斯 朱时茂等
1994,第四盘,4,《春梦》,歌舞,沈培艺 南京军区前线歌舞团 大连歌舞团
1994,第四盘,5,《生命之火》,歌舞,韩延文
1994,第四盘,6,《听春风》,歌曲,张也
1994,第四盘,7,《拆迁变奏曲》,小品,魏吉安 杨蕾 韩善续
1994,第四盘,8,《篝火狂欢》,歌舞,北京舞蹈学院民间舞系 国家民委少数民族代表队
1995,第一组,1,《吉祥红灯舞》,开场歌舞,黑龙江省歌舞剧院舞蹈团 兰州军区战斗歌舞团 北京军区战友歌舞团 湖北省宜昌市歌舞团 蓝天幼儿艺术团
1995,第一组,2,《你想看什么》,歌舞,陶金（已故，1997年） 谢津（已故，1999年2月）
1995,第一组,2,笑星拜年,拜年环节,赵丽蓉 赵本山 黄宏 郭达 蔡明等
1995,第一组,3,《大年夜》,歌舞,方明 张帆 卢崧 苏青 山西省歌舞剧院黄河少年艺术团
1995,第一组,4,《万事如意》,歌曲,张也
1995,第一组,5,《找焦点》,小品,黄宏 杨蕾
1995,第一组,6,《火火的歌谣》,歌组合,林依轮
1995,第一组,6,《梦在他乡》,歌组合,毛宁
1995,第一组,6,《今儿个高兴》,歌组合,解晓东
1995,第一组,7,《如此包装》,小品,赵丽蓉（已故，2000年7月） 巩汉林 孟薇等
1995,第一组,8,《醉鼓》,舞蹈,黄豆豆 兰州军区战斗歌舞团 黑龙江省歌舞剧院舞蹈团
1995,第一组,9,《轻轻地告诉你》,歌组合,杨钰莹
1995,第一组,9,《江南柳》,歌组合,甘苹
1995,第一组,9,《辣妹子》,歌组合,宋祖英
1995,第二组,1,《谁有毛病》,相声,刘俊杰 赵炎
1995,第二组,2,《当我们年轻时》,歌曲,郑咏 幺红
1995,第二组,3,《斗牛士之歌》,歌曲,袁晨野 北京蓝天幼儿艺术团
1995,第二组,4,《欢乐颂》,歌曲,杜吉刚 王蕾 王霞 雷岩
1995,第二组,5,《风中有朵雨做的云》,歌曲,孟庭苇
1995,第二组,6,《父亲》,小品,郭达 蔡明 赵宝乐 于海伦等
1995,第二组,7,《回家》,歌组合,蔡国庆
1995,第二组,7,《爱的港湾》,歌组合,张迈
1995,第二组,7,《骨肉情》,歌组合,阎维文
1995,第二组,8,《人体复印机》,表演,李博成 李博良等
1995,第二组,9,《包龙图》,京剧汇唱,迟彦春（操琴） 李养元（司鼓）
1995,第二组,9,《铡美案》选段,京剧汇唱,李欣 康万生 杨燕毅
1995,第二组,9,《赤桑镇》选段,京剧汇唱,马名骏
1995,第二组,9,《普天乐》选段,京剧汇唱,宋昌林 邓伟 孟广禄
1995,第二组,9,《打龙袍》选段,京剧汇唱,尚长荣
1995,第二组,10,《最差先生》,相声,牛群 冯巩
1995,第三组,1,《中华民谣》,歌曲,陈红 孙浩
1995,第三组,2,《小桃红》,歌组合,白雪
1995,第三组,2,《牵挂你的人是我》,歌组合,高林生
1995,第三组,2,《笑脸》,歌组合,谢东
1995,第三组,2,《同桌的你》,歌组合,老狼
1995,第三组,2,《天不下雨天不刮风天上有太阳》,歌组合,于文华 尹相杰
1995,第三组,3,《牛大叔"提乾"》,小品,赵本山 范伟 张玉屏
1995,第三组,4,《算盘歌》,歌曲,江涛 张秋秋 谢若琳
1995,第三组,5,《雾里看花》,歌曲,那英
1995,第三组,6,《有事您说话》,小品,郭冬临 李文启 买红妹
1995,第三组,7,《春韵》,舞蹈,周洁 兰州军区战斗歌舞团
1995,第三组,8,《遥远的朋友》,歌曲,彭丽媛
1995,第三组,9,魔术表演,魔术,付腾龙 徐秋 徐越等
1995,第三组,10,《忘情水》,歌曲,刘德华
1995,第三组,11,《不朽的黄河》,歌曲,董文华
1995,第四组,1,《纠察》,小品,孙涛 郭月
1995,第四组,2,《什么也不说》,歌组合,郁钧剑
1995,第四组,2,《士兵小唱》,歌组合,范春梅 范琳琳 刘小娜
1995,第四组,2,《当兵的人》,歌组合,刘斌
1995,第四组,3,《金陵十二钗》芳草青青,表演,何英 颜恝 邱华芳 吴俊 张志红等
1995,第四组,4,杂技精萃,杂技,成都军区战旗杂技团 天津市杂技团
1995,第四组,5,《远方伴着你》,歌曲,毛阿敏
1995,第四组,6,《难忘今宵》,歌曲,费翔 杨澜 张明敏 奚秀兰 海外华人等
1995,第四组,7,《新春乐》,群口相声,李金斗 石富宽 常贵田 阎月明
1995,第四组,8,《美丽的心愿》,歌曲,李丹阳 罗宁娜
1995,第四组,9,《过年是什么》,表演,金铭 宫傲 山西歌舞剧院黄河少年艺术团
1995,第四组,10,《欢聚》,舞蹈,何晓佩 黑龙江省歌舞剧院舞蹈团 兰州军区战斗歌舞团 北京军区战友歌舞团
1995,第四组,11,《中国大舞台》,歌曲,殷秀梅
1995,第四组,12,《贺年卡》,歌曲,梦鸽 李星 王英民 赵欣 相玲 朱砂
1995,第四组,13,《克里木参军》选段,小歌剧,孙丽英 阿不力孜·聂
1995,第四组,14,《土里巴人》,舞蹈,戴莉 陈东 湖北宜昌市歌舞剧团 兰州军区战斗歌舞团 黑龙江省歌舞剧院舞蹈团 北京军区战友歌舞团
1995,第四组,15,《今夜难眠》,歌曲,杨洪基 林萍
1996,第一盘,1,开场歌舞,歌舞,张也 魏松 冯健雪
1996,第一盘,2,《过大年》,歌舞,杭天琪 红霞 徐樱
1996,第一盘,3,《一样不一样》,三地相声,王平 唐杰忠（北京） 王谦祥 李增瑞（上海） 常贵田 王培元（西安）
1996,第一盘,4,《童心童趣》,歌组合,胡珊珊（7岁） 洪潇（5岁） 柳婕莹（10岁） 欧阳梦婷（6岁） 唐婉（5岁）等
1996,第一盘,5,《机器人趣话》,小品,蔡明 郭达
1996,第一盘,6,《火火的北京》,歌曲,谢晓东
1996,第一盘,7,《过河》,音乐小品,潘长江 阎淑萍
1996,第一盘,8,《兵哥哥》,歌与舞,宋祖英 张玉萍
1996,第一盘,9,《一个钱包》,三地小品,李丁 刘淑萍 杨新鸣（北京） 魏启明 童正维 何冰（上海） 李琦 句号 王艳梅（西安）
1996,第二盘,1,《乡风乡韵》,歌组合,曲比阿乌 李蓉 陆莉莉 徐秀霞 杨华 金永玲 阿布力孜 凯钥 凯璐 耿国际 张世嵘 松鹿 马文杰
1996,第二盘,2,《中国戏曲真神奇》,戏歌,刘斌 孙丽英 郭公芳 程桂兰 韩延文
1996,第二盘,3,《其实你不懂我的心》,相声,姜昆 戴志诚 北京国安足球队 上海申花足球队 西安球迷
1996,第二盘,4,《我的爱对你说》,歌曲,叶倩文（香港）
1996,第二盘,5,《打工奇遇》,小品,赵丽蓉（已故，2000年7月） 巩汉林 金珠
1996,第二盘,6,《丰收夜》,舞蹈,熊健 李晓燕
1996,第三盘,1,《今晚直播》,小品,黄宏 徐帆
1996,第三盘,2,《真情永远伴着你》,歌曲,董文华
1996,第三盘,3,《路口》,小品,郭冬临 魏积安 赵亮
1996,第三盘,4,《我属于中国》,歌曲,彭丽媛
1996,第三盘,5,《我们一起来唱歌》,歌曲,阎维文
1996,第三盘,6,《三鞭子》,小品,赵本山 范伟 李海
1996,第三盘,7,《行云流水》,京剧名段荟萃,于魁智 李海燕 邓沐玮 梅葆玖 赵葆秀 耿其昌 李维康
1996,第三盘,8,《明天会更好》,相声,牛群 冯巩
1996,第三盘,9,《流光溢彩》,激光琴演奏,周小燕 程不时
1996,第三盘,10,《侯大胆》,现场互动,朱时茂 侯耀华
1996,第三盘,11,《′95流行风》,歌组合,蔡国庆 孙悦 黄格选 高松 伊扬 安伟 韩特 俞静 谢若琳 钟梅 季红 杨洋 王智慧 高枫（已故，2002年9月） 刘小娜
1996,第三盘,12,《绿》,独舞,刘晶
1996,第三盘,13,《三洞房》,地方戏曲集锦,小香玉 胡敏华 李梅 董利森 赵忠祥 倪萍等
1996,第四盘,2,《穿越霓虹》,评弹演唱,苏红 朱虹
1996,第四盘,3,《总会等到那一天》,歌曲,那英 毛宁
1996,第四盘,4,《老少乐》,相声,马季（已故，2006年12月） 刘伟
1996,第四盘,5,《名人名曲组唱》,歌曲,成方圆 郁钧剑 关牧村 蒋大为
1996,第四盘,6,《神州大对歌》,三地歌组合,吕继宏 李丹阳 林萍 林依伦 阵思思（北京） 佟铁鑫 红豆 甘苹 白雪 周灵燕（上海） 王静 魏金栋 孙浩 陈俊华 何静（西安）
1996,第四盘,7,《迎春钟声》,三地歌舞,袁晓红 李星 吕薇 肖玫 朱砂 刘媛媛 相玲 陈静
1996,第四盘,8,《中国我可爱的故乡》,歌曲,江涛 张迈
1996,第四盘,9,《现场评论》,现场互动,赵世林 何冰 李琦
1996,第四盘,10,《畅饮回忆》,歌曲,童安格
1996,第四盘,11,《欢歌恋曲》,歌组合,陈真 聂建华 泽娜卓玛 多吉次仁 乌日娜 乌兰那日苏 戴滨 王英民 梁音 孙静
1996,第四盘,12,《隔夜修书》,魔术,傅腾龙 徐越 傅琰东
1996,第四盘,13,《公仆赞》,歌曲,万山红
1996,第四盘,14,《江河共举杯》,歌组合,殷秀梅 袁晨野 黄岳峰 王霞 顾欣 余佩敏 王静 孙毅
1996,第四盘,15,《难忘今宵》,尾声,李谷一 陈军（二胡独奏） 三地全体演员
1997,第一盘,1,《大团圆》,开场歌舞,全体演员
1997,第一盘,2,《手挽手心连心》,歌曲,刘欢 蒋中一
1997,第一盘,3,《菊坛新蕊》,少儿京剧,胡晓楠（京胡独奏） 中国戏曲学校附中 河北艺术学校保定分校
1997,第一盘,4,《两个人的世界》,相声,冯巩 牛群
1997,第一盘,5,《青青世界》,歌舞,那英
1997,第一盘,5,送福,相声,唐杰忠 刘流
1997,第一盘,6,《柳暗花明》,小品,魏积安 高秀敏（已故，2005年8月）
1997,第一盘,7,《真情永存》,歌舞,宋祖英
1997,第一盘,8,《过年》,小品,郭达 蔡明 郭冬临
1997,第一盘,9,《中国娃》,歌舞,解晓东
1997,第一盘,10,《三姐妹当兵》,小品,孙涛 景风凌 王景 郭月
1997,第二盘,1,《青春季节》,歌舞组合,杨洋 金彪 苑冉 丝敏 嘉悦 李蓉 徐秀霞 高瑛 辛辛 刘莹莹 胡晶 李岩 蒋中一
1997,第二盘,2,《天长地久》,微型音乐剧,王刚 尹相杰 孙悦 王静 佟铁鑫 袁莉 王新军
1997,第二盘,3,《送春联》,相声小段,笑林 李国盛
1997,第二盘,4,《老唱片》,歌组合,马玉涛 胡松华 邓玉华 李双江 李光曦 聂建华
1997,第二盘,4,《激光唱盘》,歌组合,林依轮 李丹阳 魏英霞 王洪兰 雷湘 钟梅 季红 杨洋 陈明 冯晓泉 廖忠伊 杨满文军
1997,第二盘,4,相声小段,相声,程前 朱军
1997,第二盘,5,《送您一支歌》,相声,姜昆 戴志诚
1997,第二盘,6,《春天的故事》,歌曲,董文华
1997,第二盘,7,《流派纷呈》,京剧名家名段,于魁智 赵秀君 孟广禄 张建国 李海燕 尚长荣
1997,第二盘,8,《鞋钉》,小品,黄宏 巩汉林
1997,第三盘,1,《珠穆朗玛》,歌舞,彭丽媛
1997,第三盘,2,《红高粱模特队》,小品,赵本山 范伟等
1997,第三盘,3,《戏苑飘香》,地方戏曲,小香玉 李东桥 李梅 马兰 刘芸 王超
1997,第三盘,4,《宇宙体操选拔赛》,幽默体操小品,陈佩斯 朱时茂 李宁 李大双 李小双 李敬 李春阳 李小鹏
1997,第三盘,5,《拥抱明天》,歌曲,林萍 毛宁 江涛
1997,第三盘,6,《黄河鼓震》,歌舞,郁钧剑 张也
1997,第三盘,7,《戏里戏外》,小品,牟洋 于海伦 黄玉玲
1997,第三盘,8,《东西南北中民歌小唱》,歌组合,孙静 耿维华 孙丽英 吕继宏 刘玉婉 梦鸽 王英民 陈小涛
1997,第四盘,1,《京九演义》,相声,侯耀文（已故，2007年6月） 石富宽
1997,第四盘,2,《天使》,歌曲,彭羚（香港）
1997,第四盘,3,《三趟快车奔香江》,现场专题报道,倪萍 金旭 徐玉兰 徐保义
1997,第四盘,4,《公元一九九七》,歌曲,孙国庆 朱明瑛 韩磊 田震 孙楠 彭羚（香港） 王霞 左纯 冯桂荣
1997,第四盘,5,《北京时间》,配乐诗朗诵,赵忠祥 倪萍
1997,第四盘,6,《天气预报》,零点钟声和现场报道,杨丹（中央气象台主持人）
1997,第四盘,7,《风调雨顺》,歌曲,张华敏 李星 吕薇 陈思思 朱莎 刘春梅 相玲 潘军
1997,第四盘,8,魔术,魔术,秦鸣晓 马嘉仕（香港） 姚金芬
1997,第四盘,9,《因为是你》,歌曲,张宇（台湾）
1997,第四盘,10,《打传呼》,相声小段,师胜杰 赵宝乐
1997,第四盘,11,《走到一起来》,歌曲,张迈 红豆 罗中旭 谢若琳 韩特 程琳琳 陈少华
1997,第四盘,12,《民族欢歌》,歌舞组合,彭晓虹 金凤浩 范秀冬 张宁 安伟 宗庸 卓玛 段乐 张娟 古丽夏提 曲比阿乌 刘媛媛
1997,第四盘,13,《手挽手心连心》,主题歌,蒋大为 关牧村 卢秀梅 刘斌 张继红 徐樱
1997,第四盘,14,《难忘今宵》,音乐尾声,全体演员
1998,第一盘,1,开场歌舞,歌舞,全体演员
1998,第一盘,2,东西南北闹新春,歌舞,全体演员
1998,第一盘,3,《坐享其成》,相声,牛群 冯巩
1998,第一盘,4,《兰菊竞秀》,戏曲联唱,小香玉（豫剧） 韩再芬（黄梅戏） 彭蕙蘅（河北梆子） 何炯 刘纯燕 曾媛（串场）
1998,第一盘,5,《我在马路边》,小品,严顺开 杜宁琳 赵玲琪 蒋小涵
1998,第一盘,6,《青春本色》,歌曲,林依轮 景岗山 罗中旭
1998,第一盘,7,《回家》,小品,黄宏 宋丹丹
1998,第一盘,8,《好日子》,歌曲,宋祖英
1998,第二盘,1,《梅》,舞蹈,杨丽萍
1998,第二盘,2,《拜年》,小品,赵本山 高秀敏（已故，2005年8月） 范伟
1998,第二盘,3,《走进新时代》,歌曲,李光曦 李谷一 张也
1998,第二盘,4,《正方与反方》,老电影工作者表演,祝希娟 张良 朱龙广 郭振清（已故，2005年8月） 袁岳 刘世龙 陈强 葛存壮 陈述（已故，2006年10月） 刘江 刘龙 王孝忠
1998,第二盘,5,《流行风》,歌曲,周海媚（香港） 陈红 蔡国庆 韩磊 林萍 李丽翎 徐樱 孙浩 伊扬 钟梅 杨洋 张娟 火风 周亮 孙萌 郑萧 胡月 朱晓红 江涛 高枫（已故，2002年9月） 白雪 张秋秋 张媛媛 屠洪刚 杭天琪 傅玉斌 邓亚萍 王涛
1998,第二盘,6,《相约一九九八》,歌曲,那英 王菲（香港）
1998,第二盘,7,《龙腾虎跃》,舞蹈,黄豆豆
1998,第二盘,8,《功夫令》,幽默表演,赵丽蓉（已故，2000年7月） 巩汉林
1998,第三盘,1,《转毯与蹬人》,杂技,小米粒 陈扬 陈韫 谢丹 谢兰 广州军区战士杂技团
1998,第三盘,2,《健康歌》,歌曲,解晓东 范晓萱（台湾）
1998,第三盘,3,《一张邮票》,小品,潘长江 黑妹 大山（加拿大）
1998,第三盘,4,《我爱你中国》,歌曲,范宇文（台湾）
1998,第三盘,5,《母亲河》,纪实访谈,海峡两岸同胞
1998,第三盘,6,《大中国》,歌曲,毛宁 刘德华（香港） 张信哲（台湾）
1998,第三盘,7,《戏曲绝活》,梨园风采,朱世慧 张寄蝶 彭登怀 何超 于魁智 李军 李洁 李胜素 刘桂娟 赵秀君 孟广禄 陈俊杰
1998,第三盘,8,《远航》,歌曲,董文华
1998,第三盘,9,《东西南北兵》,小品,范明 赵亮 林永健 范雷 吴军 田梅荣 马静 高音 管琳娜 王霞
1998,第三盘,10,《往日情怀》,歌曲联唱,克里木 德德玛 张振富 耿莲凤 郁均剑 才旦卓玛 李双江 关牧村
1998,第四盘,1,《大拜年》,明星反串,江珊 郭冬临 朱世慧 鞠萍 魏积安 王璐遥 王馥荔 笑林 侯耀华 杨蕾 郭达 蔡明
1998,第四盘,2,《同桌的你》,相声,师胜杰 孙晨
1998,第四盘,3,音乐贺卡,歌曲,黄格选 刘小钰 张红坚 黄霞芬 盛小云 雅芬 孙静 贺梅 周芳 赵秀兰 刘春梅 杨洋 金彪 梦鸽 魏金栋 安伟 汤灿
1998,第四盘,4,《王爷邮差》,小品,陈佩斯 朱时茂
1998,第四盘,5,《缤纷四季》,舞蹈,瞿颖 周洁
1998,第四盘,6,《好汉歌》,歌曲,刘欢
1998,第四盘,7,《人换人》,魔术,傅腾龙 徐秋 傅琰东 董昕 徐越 上海三菱腾龙魔术团
1998,第四盘,8,《国色天香》,歌曲,彭丽媛
1998,第四盘,9,零点钟声,朗诵,赵忠祥 倪萍
1998,第四盘,10,《同心同庆》,歌曲,王霞 刘君侠 黄越峰 刘媛媛 胡雁
1998,第四盘,11,《万鼓催春》,歌舞,孙维良 赵景春 陈小涛 袁艺 孙杰 红霞 李敏 刘爱玲 张娜 孙慧莹 朝鲁 郭瓦加毛吉 古丽夏提
1999,第一盘,1,《玉兔迎春》,开场歌舞,河北省歌舞剧院 河北省艺术学校 吉林省歌舞团 贵州遵义杂技团 空军蓝天幼儿艺术团 武汉邮政艺术团 吉林省戏曲学校
1999,第一盘,1,《欢乐中国年》,开场歌舞,孙悦 解小东 成都军区战旗歌舞团
1999,第一盘,2,《同喜同乐》,相声,大山（加拿大） 卡尔罗（南斯拉夫） 露露（贝宁） 莫大伟（美国）
1999,第一盘,3,《将心比心》,小品,高秀敏（已故，2005年8月） 范伟 黑妹
1999,第一盘,4,《山路十八弯》,歌曲,李琼
1999,第一盘,5,《对面的女孩看过来》,歌曲,任贤齐（台湾）
1999,第一盘,6,《老将出马》,小品,赵丽蓉（已故，2000年7月） 巩汉林 金珠
1999,第一盘,7,《瑞雪兆丰年》,歌曲联唱,吕薇 湘女 朱砂 陈思思 杨华 李星 刘春梅 贺继红
1999,第一盘,8,《滚环》,杂技,广州军区战士杂技团
1999,第一盘,9,《瞧这俩爹》,相声,冯巩 牛群
1999,第一盘,10,《风风火火走一回》,歌舞,吕继宏 于文华 李丹阳 耿为华 成都军区战旗歌舞团
1999,第二盘,1,《爱父如爱子》,小品,严顺开 凯丽 李丁 王景
1999,第二盘,2,《新时髦话》,歌舞,林依轮 李红 王璐遥 戴娆 钟梅 河北省歌舞剧院 河北省艺术学校
1999,第二盘,3,《真情30秒》,小品,孙涛 林永健 毛孩 周炜 范雷
1999,第二盘,4,《常回家看看》,歌曲,陈红 蔡国庆 张迈 江涛
1999,第二盘,5,《为了谁》,歌曲,祖海 佟铁鑫
1999,第二盘,6,《打气儿》,小品,黄宏 句号
1999,第二盘,7,《昨天 今天 明天》,小品,赵本山 宋丹丹 崔永元
1999,第三盘,1,《辣妹子》,金曲回顾,宋祖英
1999,第三盘,1,《说句心里话》,金曲回顾,郁钧剑 阎维文
1999,第三盘,1,《珠穆朗玛》,金曲回顾,彭丽媛
1999,第三盘,1,《走进新时代》,金曲回顾,张也
1999,第三盘,1,《在那桃花盛开的地方》,金曲回顾,蒋大为
1999,第三盘,1,《十五的月亮》,金曲回顾,董文华
1999,第三盘,1,《送吉祥》,金曲回顾,卢秀梅 刘斌
1999,第三盘,2,《白吃》,相声,奇志 大兵
1999,第三盘,3,《春》,舞蹈,刘敏 成都军区战旗歌舞团 河北省歌舞剧院 吉林市歌舞团 吉林省戏曲学校
1999,第三盘,4,《大年三十包饺子》,歌舞,王馥荔 姜昆等 首都师范大学艺术系
1999,第三盘,5,《球迷》,小品,郭达 蔡明 郭冬临
1999,第三盘,6,《对花轮》,京剧名段荟萃,袁惠琴 胡璇 阎红霞
1999,第三盘,6,《锁麟囊》,京剧名段荟萃,张火丁 刘桂娟 李海燕
1999,第三盘,6,《打龙袍》,京剧名段荟萃,孟广禄 邓沐玮 陈俊杰 王迪 李豪楠
1999,第三盘,6,《坐宫》,京剧名段荟萃,赵秀君 王蓉蓉 张萍 徐燕
1999,第三盘,6,《定军山》,京剧名段荟萃,于魁智 李军
1999,第三盘,7,《风，请你告诉我》,歌曲,胡晓平 莫华伦 梁宁 田浩江 黄莺 迪里拜尔 叶英 于吉星 栾峰 苗青 欧美同学会合唱团
1999,第三盘,8,《床前明月光》,歌曲,梅艳芳（已故，2003年12月）（香港）
1999,第三盘,9,《七子之歌——澳门》,歌曲,容韵琳（澳门）
1999,第三盘,10,《春暖花开》,歌曲,周艳泓 甘苹 谢雨欣 眉佳 张媛媛 王向云
1999,第四盘,1,《激情飞越》,歌曲,韦唯 黄伟麟（澳门） 苏芮（台湾） 温兆伦（香港）及众歌星
1999,第四盘,2,《鼓震神州》,歌舞,小香玉 旁边 星星 山西小香玉希望艺术学校 北京建雄文工团
1999,第四盘,3,《减肥变奏曲》,小品,曾志伟（香港） 沈殿霞（香港） 潘长江 李琦 张力 孙福明 郑琦 刘小梅 张海燕 刘流
1999,第四盘,4,《快乐指南》,歌舞,林萍 陈明 景岗山 黄格选 武汉邮政艺术团
1999,第四盘,5,《新龟兔赛跑》,音乐剧,杨洪基 王静 尹相杰 董浩 安宁 宋丽娜 释小龙
1999,第四盘,6,《吉祥》,三人舞,刘晶 吕浪 石泉 广州军区战士歌舞团
1999,第四盘,7,《春天的钟》,歌曲,程志 顾欣 魏松 银河少年电视艺术团
1999,第四盘,8,零点钟声,倒计时,全体演员
1999,第四盘,9,《亚克西》,民族欢歌,阿不力孜 古丽夏提
1999,第四盘,9,《鸟打铃》,民族欢歌,金月女
1999,第四盘,9,《有一个美丽的地方》,民族欢歌,阿依信
1999,第四盘,9,《花儿与少年》,民族欢歌,孙静 马小晨 王庆君 杨亚平 高音
1999,第四盘,9,《扎西德勒》,民族欢歌,宗庸卓玛 郭瓦加毛吉 拉姆措 泽娜卓玛
1999,第四盘,9,《桂花开放幸福来》,民族欢歌,刘媛媛
1999,第四盘,9,《编花篮》,民族欢歌,刘爱玲 鲍蓉 周芳 陈淑敏 刘迎春
1999,第四盘,9,《腾飞的骏马》,民族欢歌,道尔吉仁钦 吉日木图
1999,第四盘,9,《爱我中华》,民族欢歌,曲比阿乌 罗宁娜 梦鸽 陈真
1999,第四盘,10,《为祖国乾杯》,歌曲,幺红 郑咏 郑莉 胡雁 刘君侠 戴玉强 丁毅 于乃久
2000,第一盘,1,《把春天迎进来》,歌舞,章子怡 广州军区战士歌舞团 吉林市歌舞团 北京星之海艺术团,,
2000,第一盘,2,《旧曲新歌》,相声,冯巩 郭冬临,,
2000,第一盘,3,《军中姐妹》,歌舞,张薇薇 张莉莉,,
2000,第一盘,4,《打个电话》,歌曲,林志炫 黄格选 满文军 满江,,
2000,第一盘,5,《同桌的她》,小品,潘长江 巩汉林 王思懿,,
2000,第一盘,6,《找朋友》,少儿歌舞,白雪 陈红 甘苹 空军蓝天少儿艺术团 内蒙古小鸿雁艺术团 银河少年电视艺术团 爱新觉罗元琅（钢琴） 谢晓琳（钢琴） 孙佳依（钢琴） 陈俏（木琴） 晋朝荣（木琴） 秦佳铭（爵士鼓，5岁） 谭可儿（爵士鼓，4岁半）,,
2000,第一盘,7,《明星反串闹新春》,歌组合,田震 臧天朔 韦唯 尚长荣 李谷一 刘长瑜 佟铁鑫 王静 尹相杰 于文华,,
2000,第二盘,1,《大年三十》,歌舞,温兆伦 伊杨 含笑 凯路 凯月 金彪 杨洋 方方 圆圆 吉林市歌舞团 珠海市劳动局艺术团,,
2000,第二盘,2,《地久天长百年好》,戏曲,李洁 李佩虹 刘桂娟 赵秀君 于魁智 杨春霞 赵葆秀 孟广禄 耿巧云 管波 唐禾香 马帅 张火丁 柳国维（表演） 史敏 李军,,
2000,第二盘,3,《给我感觉》,歌曲,张惠妹（台湾）,,
2000,第二盘,4,《钟点工》,小品,赵本山 宋丹丹,,
2000,第二盘,5,《温情永远》,歌曲,刘欢,,
2000,第二盘,6,《溜溜的她》,歌曲,林心如 崔永元,,
2000,第二盘,7,《爱笑的女孩》,小品,文兴宇（已故，2007年7月） 蔡明 句号,,
2000,第二盘,8,《九九新歌》,联唱,唐平 陈震东 孙慧莹 慧子 朴树 谢雨欣 吕浪（表演） 金海心,,
2000,第二盘,9,《家和万事兴》,歌曲,郁钧剑 张也,,
2000,第三盘,1,《爱我中华》,联唱联奏,景岗山 孙国庆 韩磊 江涛 郭蓉 朱军,,
2000,第三盘,2,《澳门 我带你回家》,歌曲,梁咏琪 黄伟麟 周冰倩 蔡国庆,,
2000,第三盘,3,《小站故事》,小品,黄宏 凌峰（台湾）,,
2000,第三盘,4,《长江长》,歌曲,董文华,,
2000,第三盘,5,《笑一笑》,音乐剧,赵薇 林依轮 孙悦 陈婷婷 徐磊,,
2000,第三盘,6,《快乐2000年》,歌曲,黎明,,
2000,第三盘,7,《四郎探母》选段,京剧,穆宇 赵晶 北京市戏曲学校,,
2000,第三盘,8,《品茶》,微型短剧,赵忠祥 倪萍 黄宏,,
2000,第三盘,8,《西部大开发》,现场贺电,赵忠祥 倪萍,,
2000,第三盘,9,《西部狂想》,歌曲,那英 解小东 幺红,,
2000,第三盘,10,《天地喜洋洋》,歌曲,彭丽媛,,
2000,第四盘,1,《开门红》,歌舞组合,汤灿 火风 鲍蓉 刘海波 董争臻（杂技魔术）,,
2000,第四盘,1,《你幸福我快乐》,歌舞组合,蒋雯丽 吴若甫 傅笛声 任静 周艳泓 孙浩,,
2000,第四盘,2,《红彤彤的春天》,歌曲,张燕 戴玉强,,
2000,第四盘,3,《你好吗》,歌曲,宋祖英,,
2000,第四盘,4,《青春之约》,小品,郭达 孙涛 唐静 苏岩,,
2000,第四盘,5,《谈情说爱》,相声,姜昆 戴志诚,,
2000,第四盘,5,《甜蜜蜜》,大喜临门,肖雅 李煜 朱含芳,,
2000,第四盘,5,《花好月圆》,大喜临门,谭晶 刘春梅 耿为好,,
2000,第四盘,5,《祝你好运》,大喜临门,刘媛媛 张媛媛,,
2000,第四盘,5,《中国大团圆》,大喜临门,孙丽英 刘斌,,
2000,第四盘,5,《今年喜事多》,大喜临门,孙洁 王颖 张宁 杨洋 张晓芬 王莹 张妮 李含曦,,
2000,第四盘,6,《今生共相伴》,歌曲,谢霆锋 董洁,,
2000,第四盘,7,《举杯吧 朋友》,歌曲,阎维文 殷秀梅,,
2000,第五篇章,1,《今宵久久》,歌曲,祖海 吕薇 周芳,,
2000,第五篇章,2,《等待钟声》,诗朗诵,濮存昕 张懿婧,,
2000,第五篇章,3,零点钟声,倒计时,,,
2000,第五篇章,4,《龙禧千年》,歌曲,陈瑶 李倩倩 陈真 王庆君 张娟 梁音 马晓晨 甄真,,
2000,第五篇章,5,《送吉祥》,歌曲,杨九江 梦鸽 罗宁娜,,
2000,第五篇章,5,《欢乐跨世纪，真情我和你》,现场抽奖,朱军 周涛 章子怡 濮存昕 谢霆锋（香港） 赵本山 杨澜,,
2000,第五篇章,6,《今夜无眠》,歌曲,王霞 廖昌永 李丹阳 吕继宏 张迈 屠梅华,,
2000,第五篇章,7,主题歌,合唱,全体演员,,
2001,欢乐篇,1,《今天真好》,歌舞,孙悦 陈晓东 济南前卫歌舞团 南宁艺术剧院 北京星之海 内蒙小鸿雁 北京军乐学校 二炮军乐队,,
2001,欢乐篇,2,《越来越好》,歌曲,宋祖英 南宁艺术剧院 内蒙小鸿雁,,
2001,欢乐篇,3,《红娘》,小品,郭达 蔡明 刘桂娟 刘小梅 中国戏曲学院,,
2001,欢乐篇,4,《快请我跳舞》,动感组合,梦幻想 风组合,,
2001,欢乐篇,4,《世界多精彩》,动感组合,动感男孩组合 济南前卫歌舞团,,
2001,欢乐篇,4,《网络时代》,动感组合,青春美少女组合 神秘男孩组合 南宁市艺术剧院,,
2001,欢乐篇,5,《得寸进尺》,相声,冯巩 郭东林 郭月,,
2001,欢乐篇,6,《好心情》,歌舞,李玟 紫色舞蹈团,,
2001,欢乐篇,7,《过年我当家》,动效剧,成方圆 小香玉艺术学校,,
2001,欢乐篇,8,《过年》,歌曲,张媛媛 眉佳 陈新霓 张娟 杨洋 任真 济南前卫歌舞团,,
2001,欢乐篇,9,《踩脚》,相声,姜昆 戴志诚,,
2001,祥和篇,10,《侗族大歌》,民族对歌,贵州省黔东南黎平侗歌队 南宁市艺术剧院 济南军区前卫歌舞团,,
2001,祥和篇,10,《琴努里》,民族对歌,哈孜肯 阿凡提乐队,,
2001,祥和篇,10,《无字歌》,民族对歌,斯琴格日乐,,
2001,祥和篇,10,《回家》,民族对歌,彝人制造演唱组合,,
2001,祥和篇,10,《三朵花》,民族对歌,拉姆措三姐妹,,
2001,祥和篇,10,《蒙古人》,民族对歌,腾格尔 蒙古族青年合唱团,,
2001,祥和篇,11,《家有老爸》,小品,黄宏 林永健 黑妹,,
2001,祥和篇,12,《想起老妈妈》,歌曲,于文华 郁钧剑 南宁市艺术剧院,,
2001,祥和篇,13,《好男儿》,歌曲,韩磊 满江 江涛 济南前卫歌舞团,,
2001,祥和篇,14,《戏迷》,相声,刘俊杰 唐杰忠 天津艺术学校乐队,,
2001,祥和篇,15,《中华大戏真神奇》,戏曲,所有戏曲团体及吉林省歌舞团,,
2001,祥和篇,16,《选择你的爱》,歌曲,郑伊健 章子怡,,
2001,祥和篇,17,《动物运动会》,小品,巩汉林 刘流,,
2001,祥和篇,18,《彩虹》,青春放歌,羽泉,,
2001,祥和篇,18,《第三天》,青春放歌,谢雨欣 姜华 王舸 郑绚 南宁市艺术剧院,,
2001,祥和篇,18,《二十年后再相会》,青春放歌,谷峰 倪睿思 容中尔甲 首都警官合唱团,,
2001,奋进篇,19,《亲爱的中国 我爱你》,歌曲,叶凡（已故，2007年11月） 李云迪（钢琴） 南宁市艺术剧院 济南前卫歌舞团 北京星之海艺术团,,
2001,奋进篇,20,《咱也试一把》,相声,笑林 王平 尹卓林 赵保乐,,
2001,奋进篇,21,《大家一起来》,歌曲,刘欢,,
2001,奋进篇,22,《飞舞迎春》,舞蹈,李倩 王迪 陈文 张志 张宇,,
2001,奋进篇,23,《咱老百姓》,歌曲,闫维文 吕继宏,,
2001,奋进篇,24,《卖拐》,小品,赵本山 高秀敏（已故，2005年8月） 范伟,,
2001,奋进篇,25,《你的眼神》,歌曲,蔡琴 老树皮乐队,,
2001,奋进篇,26,《说声对不起》,小品,句号 洪剑涛 唐静,,
2001,团聚篇,27,《许下一个心愿》,歌曲,刘媛媛 梦鸽,,
2001,团聚篇,28,《盼团圆》,歌曲,姜育恒,,
2001,团聚篇,29,杂技组合,杂技,中国杂技团 遵义市杂技团 訾沙莉,,
2001,团聚篇,30,《花样年华》,歌曲,梁朝伟 张曼玉,,被删节目
2001,团聚篇,31,《三号楼长》,小品,潘长江 黄晓娟 闫学晶 孙坤元,,
2001,团聚篇,32,《江山颂》,歌曲,彭丽媛 勋勋 张娜 周鹏 李响,,
2001,团聚篇,33,《新康定情歌》,歌曲,臧天朔 尹相杰 李琦 刘金山 刘惠,,
2001,团聚篇,34,《快乐的节日》,器乐演奏,红缨束女子打击乐团,,
2001,团聚篇,34,《天上人间》,器乐演奏,曾昭斌 冯晓泉,,
2001,团聚篇,35,《为军营唱采》,歌曲,张迈 刘斌 吉林市歌舞团,,
2001,团聚篇,36,《世纪清晨》,歌曲,那英 孙楠,,
2001,展望篇,37,《全家福》,歌曲,王霞 张晓玲 戴玉强 佟铁鑫,,
2001,展望篇,38,《西部放歌》,歌曲,王宏伟 红岩 陶红 马晓晨 王莹 易秒樱 谌蓉 刘爱玲 马雪琼 刘丹丽 王燕 李星 吾尔克孜,,
2001,展望篇,39,《共青团之歌》,难忘的歌,杨鸿基 蔡国庆 老乾部歌唱团 首都警官合唱团,,
2001,展望篇,39,《我们的田野》,难忘的歌,汤灿 朱砂 南宁市艺术剧院,,
2001,展望篇,39,《马铃响玉鸟唱》,难忘的歌,鲍蓉 耿为华 吉林市歌舞团 南宁市艺术剧院,,
2001,展望篇,39,《难忘今宵》,难忘的歌,幺红 满文军 杭天琪 韦嘉 济南前卫歌舞团 南宁市艺术剧院,,
2002,第一盘,1,《和春天一起来》,开场歌舞,众位主持人 周鹏 郭金 梦幻想 风组合,,北京、深圳两地
2002,第一盘,2,《风景这边独好》,歌曲,宋祖英,,
2002,第一盘,3,《台上台下》,相声,冯巩 郭冬临 陆鸣,,
2002,第一盘,4,《盼春》,联唱,满文军,,北京、深圳两地
2002,第一盘,4,《嬉春》,联唱,银河少年合唱团,,北京、深圳两地
2002,第一盘,4,《咏春》,联唱,王燕 王丽 翟惠娟,,北京、深圳两地
2002,第一盘,4,《报春》,联唱,杨洪基 银河少年合唱团,,北京、深圳两地
2002,第一盘,4,《踏春》,联唱,葛晓璐 王铎 张媛媛,,北京、深圳两地
2002,第一盘,4,《迎春》,联唱,丁毅,,深圳演唱并马队表演
2002,第一盘,5,《花盆儿》,小品,黄宏 巩汉林 张凯丽,,
2002,第一盘,6,《与世界联网》,歌曲,解小东 孙燕姿,,北京、深圳两地
2002,第一盘,7,《百鸟朝凤》,魔术,周良铁 王月双 王月莲,,
2002,第一盘,8,《马年颂马》,群口相声,侯耀文（已故，2007年6月） 石富宽 师胜杰 王平 刘流,,
2002,第一盘,9,《今年如此精彩》,歌曲,陆毅 周迅 蝶组合 布丁果果组合,,
2002,第二盘,1,《记得当时年纪小》,组歌,孙道临（已故，2007年12月） 张瑞芳 秦怡等,,上海APEC船上
2002,第二盘,1,《踏雪寻梅》,组歌,陈慧琳,,深圳演唱
2002,第二盘,1,《草原之夜》,组歌,田震,,
2002,第二盘,2,《智力闯关》,小品,王女士 李咏 鞠萍 秦梦瑶 刘小源 王子腾,,
2002,第二盘,3,《出门在外》,音乐评书,雪村,,
2002,第二盘,4,《卖车》,小品,赵本山 高秀敏（已故，2005年8月） 范伟,,
2002,第二盘,5,《美丽新世界》,歌曲,王力宏 彝人制造 阿里郎组合,,深圳演唱
2002,第二盘,6,《力量》,杂技,章功力 姚登波,,
2002,第二盘,7,《我家在中国》,歌曲,祖海,,
2002,第二盘,8,《英语大家说》,表演唱,李阳及众人,,
2002,第二盘,9,《妙趣网生》,相声,姜昆 戴志诚,,
2002,第二盘,10,《知足常乐》,歌曲,郁钧剑 张也,,
2002,第三盘,1,《在那东山顶上》,民歌新歌接力唱,谭晶,,北京、深圳两地
2002,第三盘,1,《美丽》,民歌新歌接力唱,艾斯卡尔 慷巴尔汗 古丽夏缇,,深圳表演
2002,第三盘,1,《欢腾的小马驹》,民歌新歌接力唱,小香玉艺术学校,,
2002,第三盘,1,《娜努湾情歌》,民歌新歌接力唱,刘媛媛 陈思思,,深圳表演
2002,第三盘,1,《心想事成》,民歌新歌接力唱,汤灿 刘斌,,深圳演唱
2002,第三盘,2,《邻里之间》,小品,牛群 蔡明 郭达,,
2002,第三盘,3,《左邻右舍》,歌曲,吕继宏 张燕,,
2002,第三盘,4,《联欢竞唱"马字令"》,戏曲,于魁智 李军 孟广禄 杨赤 赵葆秀 袁慧琴 李胜素 刘桂娟 李洁 赵秀君 耿巧云 李海燕,,北京、深圳两地
2002,第三盘,5,《朋友》,歌曲,彭丽媛 女子十二乐坊,,
2002,第三盘,6,《连队里过大年》,军旅情景歌舞,王宏伟,,
2002,第三盘,7,《圆梦》,小品,魏积安 杨蕾 刘敏,,
2002,第三盘,8,《相会在北京时间》,歌曲,戴玉强 孙楠,,
2002,第三盘,9,《手的扭动》,互动魔术,秦鸣晓 姚金芬,,
2002,第三盘,10,《新年好》,歌曲,臧天朔 斯琴格日乐,,
2002,第四盘,1,《谁怕贝勒爷》,相声短剧,金士杰 赵自强 倪敏然 李建常,,
2002,第四盘,2,《春又来》,大型时装表演,张咪 胡兵 胡东,,深圳表演
2002,第四盘,3,《2001申奥回顾》,外景采访,孙晓梅 何振梁 萨马兰奇（已故，2010年4月21日）,,
2002,第四盘,4,《有人曾问我》,歌曲,廖昌永 张迈 李琼,,北京、深圳两地
2002,第四盘,5,《中华全家福》,歌曲,吕薇 梁音 吴海燕 李晖,,
2002,第四盘,6,《马到成功》,戏曲合唱,李洁 李海燕 耿巧云 赵秀君,,深圳
2002,第四盘,7,《饮酒歌》,歌曲,莫华伦 魏松 王霞 幺红,,北京、深圳两地
2002,第四盘,8,《难忘今宵》,尾声,彭丽媛,,
2002,第四盘,8,《无论天涯与海角》,尾声,赵本山,,
2002,第四盘,8,《神州万里同怀抱》,尾声,王宏伟 谭晶,,
2002,第四盘,8,《共祝愿祖国好》,尾声,姜昆 侯耀文（已故，2007年6月）,,
2002,第四盘,8,合唱,尾声,全体演员,,